timestamp,size_vram_bytes,size_total_bytes,context_length,expires_at
2026-06-12T11:00:59Z,13363262258,15587879155,65536,2026-06-12T14:01:11.0077535+03:00
2026-06-12T11:01:00Z,13363262258,15587879155,65536,2026-06-12T14:01:11.5664176+03:00
2026-06-12T11:01:00Z,13363262258,15587879155,65536,2026-06-12T14:01:12.1168314+03:00
2026-06-12T11:01:01Z,13363262258,15587879155,65536,2026-06-12T14:01:12.6621286+03:00
2026-06-12T11:01:01Z,13363262258,15587879155,65536,2026-06-12T14:01:13.2035999+03:00
2026-06-12T11:01:02Z,13363262258,15587879155,65536,2026-06-12T14:01:13.7481939+03:00
2026-06-12T11:01:02Z,13363262258,15587879155,65536,2026-06-12T14:01:14.2828726+03:00
2026-06-12T11:01:03Z,13363262258,15587879155,65536,2026-06-12T14:01:14.8359162+03:00
2026-06-12T11:01:03Z,13363262258,15587879155,65536,2026-06-12T14:01:15.3792561+03:00
2026-06-12T11:01:04Z,13363262258,15587879155,65536,2026-06-12T14:01:15.9325242+03:00
2026-06-12T11:01:04Z,13363262258,15587879155,65536,2026-06-12T14:01:16.4804138+03:00
2026-06-12T11:01:05Z,13363262258,15587879155,65536,2026-06-12T14:01:17.0334813+03:00
2026-06-12T11:01:06Z,13363262258,15587879155,65536,2026-06-12T14:01:17.581785+03:00
2026-06-12T11:01:06Z,13363262258,15587879155,65536,2026-06-12T14:01:18.1375301+03:00
2026-06-12T11:01:07Z,13363262258,15587879155,65536,2026-06-12T14:01:18.6884584+03:00
2026-06-12T11:01:07Z,13363262258,15587879155,65536,2026-06-12T14:01:19.2357523+03:00
2026-06-12T11:01:08Z,13363262258,15587879155,65536,2026-06-12T14:01:19.783294+03:00
2026-06-12T11:01:08Z,13363262258,15587879155,65536,2026-06-12T14:01:20.3298987+03:00
2026-06-12T11:01:09Z,13363262258,15587879155,65536,2026-06-12T14:01:20.8842267+03:00
2026-06-12T11:01:09Z,13363262258,15587879155,65536,2026-06-12T14:01:21.4376478+03:00
2026-06-12T11:01:10Z,13363262258,15587879155,65536,2026-06-12T14:01:22.0005028+03:00
2026-06-12T11:01:11Z,13363262258,15587879155,65536,2026-06-12T14:01:22.5424672+03:00
2026-06-12T11:01:24Z,9282456124,15990521853,262144,2026-06-12T14:01:36.25685+03:00
2026-06-12T11:01:25Z,9282456124,15990521853,262144,2026-06-12T14:01:36.7928628+03:00
2026-06-12T11:01:25Z,9282456124,15990521853,262144,2026-06-12T14:01:37.3351401+03:00
2026-06-12T11:01:26Z,9282456124,15990521853,262144,2026-06-12T14:01:37.891505+03:00
2026-06-12T11:01:26Z,9282456124,15990521853,262144,2026-06-12T14:01:38.4377623+03:00
2026-06-12T11:01:27Z,9282456124,15990521853,262144,2026-06-12T14:01:38.9895243+03:00
2026-06-12T11:01:28Z,9282456124,15990521853,262144,2026-06-12T14:01:39.5457712+03:00
2026-06-12T11:01:28Z,9282456124,15990521853,262144,2026-06-12T14:01:40.0969633+03:00
2026-06-12T11:01:29Z,9282456124,15990521853,262144,2026-06-12T14:01:40.6422653+03:00
2026-06-12T11:01:29Z,9282456124,15990521853,262144,2026-06-12T14:01:41.1822644+03:00
2026-06-12T11:01:30Z,9282456124,15990521853,262144,2026-06-12T14:01:41.7306625+03:00
2026-06-12T11:01:30Z,9282456124,15990521853,262144,2026-06-12T14:01:42.2769233+03:00
2026-06-12T11:01:31Z,9282456124,15990521853,262144,2026-06-12T14:01:42.8256418+03:00
2026-06-12T11:01:31Z,9282456124,15990521853,262144,2026-06-12T14:01:43.3789609+03:00
2026-06-12T11:01:32Z,9282456124,15990521853,262144,2026-06-12T14:01:43.9267662+03:00
2026-06-12T11:01:32Z,9282456124,15990521853,262144,2026-06-12T14:01:44.477623+03:00
2026-06-12T11:01:33Z,9282456124,15990521853,262144,2026-06-12T14:01:45.0367477+03:00
2026-06-12T11:01:34Z,9282456124,15990521853,262144,2026-06-12T14:01:45.5800359+03:00
2026-06-12T11:01:34Z,9282456124,15990521853,262144,2026-06-12T14:01:46.1263773+03:00
2026-06-12T11:01:35Z,9282456124,15990521853,262144,2026-06-12T14:01:46.672122+03:00
2026-06-12T11:01:35Z,9282456124,15990521853,262144,2026-06-12T14:01:47.2180881+03:00
2026-06-12T11:01:36Z,9282456124,15990521853,262144,2026-06-12T14:01:47.7673922+03:00
2026-06-12T11:01:36Z,9282456124,15990521853,262144,2026-06-12T14:01:48.3256706+03:00
2026-06-12T11:01:37Z,9282456124,15990521853,262144,2026-06-12T14:01:48.8778094+03:00
2026-06-12T11:01:37Z,9282456124,15990521853,262144,2026-06-12T14:01:49.426365+03:00
2026-06-12T11:01:38Z,9282456124,15990521853,262144,2026-06-12T14:01:49.9838466+03:00
2026-06-12T11:01:39Z,9282456124,15990521853,262144,2026-06-12T14:01:50.5276772+03:00
2026-06-12T11:01:39Z,9282456124,15990521853,262144,2026-06-12T14:01:51.0777445+03:00
2026-06-12T11:01:40Z,9282456124,15990521853,262144,2026-06-12T14:01:51.6124253+03:00
2026-06-12T11:01:40Z,9282456124,15990521853,262144,2026-06-12T14:01:52.1644416+03:00
2026-06-12T11:01:41Z,9282456124,15990521853,262144,2026-06-12T14:01:52.7041377+03:00
2026-06-12T11:01:41Z,9282456124,15990521853,262144,2026-06-12T14:01:53.2477266+03:00
2026-06-12T11:01:42Z,9282456124,15990521853,262144,2026-06-12T14:01:53.7976939+03:00
2026-06-12T11:01:42Z,9282456124,15990521853,262144,2026-06-12T14:01:54.3589551+03:00
2026-06-12T11:01:43Z,9282456124,15990521853,262144,2026-06-12T14:01:54.8983964+03:00
2026-06-12T11:01:43Z,9282456124,15990521853,262144,2026-06-12T14:01:55.4487475+03:00
2026-06-12T11:01:44Z,9282456124,15990521853,262144,2026-06-12T14:01:55.9956034+03:00
2026-06-12T11:01:45Z,9282456124,15990521853,262144,2026-06-12T14:01:56.542497+03:00
2026-06-12T11:01:45Z,9282456124,15990521853,262144,2026-06-12T14:01:57.0941822+03:00
2026-06-12T11:01:46Z,9282456124,15990521853,262144,2026-06-12T14:01:57.6424003+03:00
2026-06-12T11:01:46Z,9282456124,15990521853,262144,2026-06-12T14:01:58.1962594+03:00
2026-06-12T11:01:47Z,9282456124,15990521853,262144,2026-06-12T14:01:58.7410168+03:00
2026-06-12T11:01:47Z,9282456124,15990521853,262144,2026-06-12T14:01:59.2947337+03:00
2026-06-12T11:01:48Z,9282456124,15990521853,262144,2026-06-12T14:01:59.8466506+03:00
2026-06-12T11:01:48Z,9282456124,15990521853,262144,2026-06-12T14:02:00.3950187+03:00
2026-06-12T11:01:49Z,9282456124,15990521853,262144,2026-06-12T14:02:00.9425529+03:00
2026-06-12T11:01:49Z,9282456124,15990521853,262144,2026-06-12T14:02:01.4905466+03:00
2026-06-12T11:01:50Z,9282456124,15990521853,262144,2026-06-12T14:02:02.0377062+03:00
2026-06-12T11:01:51Z,9282456124,15990521853,262144,2026-06-12T14:02:02.5753254+03:00
2026-06-12T11:01:51Z,9282456124,15990521853,262144,2026-06-12T14:02:03.1213349+03:00
2026-06-12T11:01:52Z,9282456124,15990521853,262144,2026-06-12T14:02:03.6767733+03:00
2026-06-12T11:01:52Z,9282456124,15990521853,262144,2026-06-12T14:02:04.2291035+03:00
2026-06-12T11:01:53Z,9282456124,15990521853,262144,2026-06-12T14:02:04.7751613+03:00
2026-06-12T11:01:53Z,9282456124,15990521853,262144,2026-06-12T14:02:05.3263027+03:00
2026-06-12T11:01:54Z,9282456124,15990521853,262144,2026-06-12T14:02:05.882601+03:00
2026-06-12T11:01:54Z,9282456124,15990521853,262144,2026-06-12T14:02:06.4259027+03:00
2026-06-12T11:01:55Z,9282456124,15990521853,262144,2026-06-12T14:02:06.9748102+03:00
2026-06-12T11:01:56Z,9282456124,15990521853,262144,2026-06-12T14:02:07.522336+03:00
2026-06-12T11:01:56Z,9282456124,15990521853,262144,2026-06-12T14:02:08.0755729+03:00
2026-06-12T11:01:57Z,9282456124,15990521853,262144,2026-06-12T14:02:08.6291909+03:00
2026-06-12T11:01:57Z,9282456124,15990521853,262144,2026-06-12T14:02:09.1779065+03:00
2026-06-12T11:01:58Z,9282456124,15990521853,262144,2026-06-12T14:02:09.7340169+03:00
2026-06-12T11:01:58Z,9282456124,15990521853,262144,2026-06-12T14:02:10.2923284+03:00
2026-06-12T11:01:59Z,9282456124,15990521853,262144,2026-06-12T14:02:10.8488873+03:00
2026-06-12T11:01:59Z,9282456124,15990521853,262144,2026-06-12T14:02:11.4005832+03:00
2026-06-12T11:02:00Z,9282456124,15990521853,262144,2026-06-12T14:02:11.9477977+03:00
2026-06-12T11:02:00Z,9282456124,15990521853,262144,2026-06-12T14:02:12.488329+03:00
2026-06-12T11:02:01Z,9282456124,15990521853,262144,2026-06-12T14:02:13.0442955+03:00
2026-06-12T11:02:02Z,9282456124,15990521853,262144,2026-06-12T14:02:13.6157988+03:00
2026-06-12T11:02:02Z,9282456124,15990521853,262144,2026-06-12T14:02:14.1638966+03:00
2026-06-12T11:02:03Z,9282456124,15990521853,262144,2026-06-12T14:02:14.7026569+03:00
2026-06-12T11:02:03Z,9282456124,15990521853,262144,2026-06-12T14:02:15.2440526+03:00
2026-06-12T11:02:04Z,9282456124,15990521853,262144,2026-06-12T14:02:15.7869463+03:00
2026-06-12T11:02:04Z,9282456124,15990521853,262144,2026-06-12T14:02:16.3260965+03:00
2026-06-12T11:02:05Z,9282456124,15990521853,262144,2026-06-12T14:02:16.8656726+03:00
2026-06-12T11:02:05Z,9282456124,15990521853,262144,2026-06-12T14:02:17.4116476+03:00
2026-06-12T11:02:06Z,9282456124,15990521853,262144,2026-06-12T14:02:17.9599745+03:00
2026-06-12T11:02:07Z,9282456124,15990521853,262144,2026-06-12T14:02:18.5183768+03:00
2026-06-12T11:02:07Z,9282456124,15990521853,262144,2026-06-12T14:02:19.0592981+03:00
2026-06-12T11:02:08Z,9282456124,15990521853,262144,2026-06-12T14:02:19.6136128+03:00
2026-06-12T11:02:08Z,9282456124,15990521853,262144,2026-06-12T14:02:20.1636038+03:00
2026-06-12T11:02:09Z,9282456124,15990521853,262144,2026-06-12T14:02:20.710805+03:00
2026-06-12T11:02:09Z,9282456124,15990521853,262144,2026-06-12T14:02:21.2571405+03:00
2026-06-12T11:02:10Z,9282456124,15990521853,262144,2026-06-12T14:02:21.8111905+03:00
2026-06-12T11:02:10Z,9282456124,15990521853,262144,2026-06-12T14:02:22.3662805+03:00
2026-06-12T11:02:11Z,9282456124,15990521853,262144,2026-06-12T14:02:22.9257214+03:00
2026-06-12T11:02:11Z,9282456124,15990521853,262144,2026-06-12T14:02:23.4734378+03:00
2026-06-12T11:02:12Z,9282456124,15990521853,262144,2026-06-12T14:02:24.0233666+03:00
2026-06-12T11:02:13Z,9282456124,15990521853,262144,2026-06-12T14:02:24.5766426+03:00
2026-06-12T11:02:13Z,9282456124,15990521853,262144,2026-06-12T14:02:25.1324148+03:00
2026-06-12T11:02:14Z,9282456124,15990521853,262144,2026-06-12T14:02:25.6752095+03:00
2026-06-12T11:02:14Z,9282456124,15990521853,262144,2026-06-12T14:02:26.2198754+03:00
2026-06-12T11:02:15Z,9282456124,15990521853,262144,2026-06-12T14:02:26.771194+03:00
2026-06-12T11:02:15Z,9282456124,15990521853,262144,2026-06-12T14:02:27.3105028+03:00
2026-06-12T11:02:16Z,9282456124,15990521853,262144,2026-06-12T14:02:27.8745297+03:00
2026-06-12T11:02:16Z,9282456124,15990521853,262144,2026-06-12T14:02:28.420881+03:00
2026-06-12T11:02:17Z,9282456124,15990521853,262144,2026-06-12T14:02:28.9716178+03:00
2026-06-12T11:02:18Z,9282456124,15990521853,262144,2026-06-12T14:02:29.5254485+03:00
2026-06-12T11:02:18Z,9282456124,15990521853,262144,2026-06-12T14:02:30.0698386+03:00
2026-06-12T11:02:19Z,9282456124,15990521853,262144,2026-06-12T14:02:30.6177067+03:00
2026-06-12T11:02:19Z,9282456124,15990521853,262144,2026-06-12T14:02:31.1611807+03:00
2026-06-12T11:02:20Z,9282456124,15990521853,262144,2026-06-12T14:02:31.7061304+03:00
2026-06-12T11:02:20Z,9282456124,15990521853,262144,2026-06-12T14:02:32.2543625+03:00
2026-06-12T11:02:21Z,9282456124,15990521853,262144,2026-06-12T14:02:32.8040138+03:00
2026-06-12T11:02:21Z,9282456124,15990521853,262144,2026-06-12T14:02:33.3629004+03:00
2026-06-12T11:02:22Z,9282456124,15990521853,262144,2026-06-12T14:02:33.9134525+03:00
2026-06-12T11:02:22Z,9282456124,15990521853,262144,2026-06-12T14:02:34.4643185+03:00
2026-06-12T11:02:23Z,9282456124,15990521853,262144,2026-06-12T14:02:35.0137319+03:00
2026-06-12T11:02:24Z,9282456124,15990521853,262144,2026-06-12T14:02:35.5580891+03:00
2026-06-12T11:02:24Z,9282456124,15990521853,262144,2026-06-12T14:02:36.0982036+03:00
2026-06-12T11:02:25Z,9282456124,15990521853,262144,2026-06-12T14:02:36.6475364+03:00
2026-06-12T11:02:25Z,9282456124,15990521853,262144,2026-06-12T14:02:37.2034582+03:00
2026-06-12T11:02:26Z,9282456124,15990521853,262144,2026-06-12T14:02:37.7426617+03:00
2026-06-12T11:02:26Z,9282456124,15990521853,262144,2026-06-12T14:02:38.2893261+03:00
2026-06-12T11:02:27Z,9282456124,15990521853,262144,2026-06-12T14:02:38.8324391+03:00
2026-06-12T11:02:27Z,9282456124,15990521853,262144,2026-06-12T14:02:39.3792817+03:00
2026-06-12T11:02:28Z,9282456124,15990521853,262144,2026-06-12T14:02:39.921528+03:00
2026-06-12T11:02:28Z,9282456124,15990521853,262144,2026-06-12T14:02:40.4753844+03:00
2026-06-12T11:02:29Z,9282456124,15990521853,262144,2026-06-12T14:02:41.0247344+03:00
2026-06-12T11:02:30Z,9282456124,15990521853,262144,2026-06-12T14:02:41.5701129+03:00
2026-06-12T11:02:30Z,9282456124,15990521853,262144,2026-06-12T14:02:42.1268765+03:00
2026-06-12T11:02:31Z,9282456124,15990521853,262144,2026-06-12T14:02:42.6724337+03:00
2026-06-12T11:02:31Z,9282456124,15990521853,262144,2026-06-12T14:02:43.2227662+03:00
2026-06-12T11:02:32Z,9282456124,15990521853,262144,2026-06-12T14:02:43.7736619+03:00
2026-06-12T11:02:32Z,9282456124,15990521853,262144,2026-06-12T14:02:44.326998+03:00
2026-06-12T11:02:33Z,9282456124,15990521853,262144,2026-06-12T14:02:44.8760717+03:00
2026-06-12T11:02:33Z,9282456124,15990521853,262144,2026-06-12T14:02:45.4296131+03:00
2026-06-12T11:02:34Z,9282456124,15990521853,262144,2026-06-12T14:02:45.9981926+03:00
2026-06-12T11:02:35Z,9282456124,15990521853,262144,2026-06-12T14:02:46.5376463+03:00
2026-06-12T11:02:35Z,9282456124,15990521853,262144,2026-06-12T14:02:47.0866968+03:00
2026-06-12T11:02:36Z,9282456124,15990521853,262144,2026-06-12T14:02:47.630044+03:00
2026-06-12T11:02:36Z,9282456124,15990521853,262144,2026-06-12T14:02:48.1801502+03:00
2026-06-12T11:02:37Z,9282456124,15990521853,262144,2026-06-12T14:02:48.7322426+03:00
2026-06-12T11:02:37Z,9282456124,15990521853,262144,2026-06-12T14:02:49.2684486+03:00
2026-06-12T11:02:38Z,9282456124,15990521853,262144,2026-06-12T14:02:49.8136587+03:00
2026-06-12T11:02:38Z,9282456124,15990521853,262144,2026-06-12T14:02:50.3665973+03:00
2026-06-12T11:02:39Z,9282456124,15990521853,262144,2026-06-12T14:02:50.9096345+03:00
2026-06-12T11:02:39Z,9282456124,15990521853,262144,2026-06-12T14:02:51.4641588+03:00
2026-06-12T11:02:40Z,9282456124,15990521853,262144,2026-06-12T14:02:52.0152543+03:00
2026-06-12T11:02:41Z,9282456124,15990521853,262144,2026-06-12T14:02:52.5445149+03:00
2026-06-12T11:02:41Z,9282456124,15990521853,262144,2026-06-12T14:02:53.0842278+03:00
2026-06-12T11:02:42Z,9282456124,15990521853,262144,2026-06-12T14:02:53.6622921+03:00
2026-06-12T11:02:42Z,9282456124,15990521853,262144,2026-06-12T14:02:54.2142899+03:00
2026-06-12T11:02:43Z,9282456124,15990521853,262144,2026-06-12T14:02:54.7683571+03:00
2026-06-12T11:02:43Z,9282456124,15990521853,262144,2026-06-12T14:02:55.309787+03:00
2026-06-12T11:02:44Z,9282456124,15990521853,262144,2026-06-12T14:02:55.8592572+03:00
2026-06-12T11:02:44Z,9282456124,15990521853,262144,2026-06-12T14:02:56.4058808+03:00
2026-06-12T11:02:45Z,9282456124,15990521853,262144,2026-06-12T14:02:56.9594346+03:00
2026-06-12T11:02:45Z,9282456124,15990521853,262144,2026-06-12T14:02:57.4999604+03:00
2026-06-12T11:02:46Z,9282456124,15990521853,262144,2026-06-12T14:02:58.0443915+03:00
2026-06-12T11:02:47Z,9282456124,15990521853,262144,2026-06-12T14:02:58.5870075+03:00
2026-06-12T11:02:47Z,9282456124,15990521853,262144,2026-06-12T14:02:59.1342189+03:00
2026-06-12T11:02:48Z,9282456124,15990521853,262144,2026-06-12T14:02:59.6874323+03:00
2026-06-12T11:02:48Z,9282456124,15990521853,262144,2026-06-12T14:03:00.2347328+03:00
2026-06-12T11:02:49Z,9282456124,15990521853,262144,2026-06-12T14:03:00.7826473+03:00
2026-06-12T11:02:49Z,9282456124,15990521853,262144,2026-06-12T14:03:01.3292946+03:00
2026-06-12T11:02:50Z,9282456124,15990521853,262144,2026-06-12T14:03:01.8701049+03:00
2026-06-12T11:02:50Z,9282456124,15990521853,262144,2026-06-12T14:03:02.4140661+03:00
2026-06-12T11:02:51Z,9282456124,15990521853,262144,2026-06-12T14:03:02.9600455+03:00
2026-06-12T11:02:52Z,9282456124,15990521853,262144,2026-06-12T14:03:03.5055536+03:00
2026-06-12T11:02:52Z,9282456124,15990521853,262144,2026-06-12T14:03:04.0560226+03:00
2026-06-12T11:02:53Z,9282456124,15990521853,262144,2026-06-12T14:03:04.6052715+03:00
2026-06-12T11:02:53Z,9282456124,15990521853,262144,2026-06-12T14:03:05.1476712+03:00
2026-06-12T11:02:54Z,9282456124,15990521853,262144,2026-06-12T14:03:05.6973065+03:00
2026-06-12T11:02:54Z,9282456124,15990521853,262144,2026-06-12T14:03:06.2379294+03:00
2026-06-12T11:02:55Z,9282456124,15990521853,262144,2026-06-12T14:03:06.7854414+03:00
2026-06-12T11:02:55Z,9282456124,15990521853,262144,2026-06-12T14:03:07.3308225+03:00
2026-06-12T11:02:56Z,9282456124,15990521853,262144,2026-06-12T14:03:07.8831297+03:00
2026-06-12T11:02:56Z,9282456124,15990521853,262144,2026-06-12T14:03:08.4279082+03:00
2026-06-12T11:02:57Z,9282456124,15990521853,262144,2026-06-12T14:03:08.9892138+03:00
2026-06-12T11:02:58Z,9282456124,15990521853,262144,2026-06-12T14:03:09.5276655+03:00
2026-06-12T11:02:58Z,9282456124,15990521853,262144,2026-06-12T14:03:10.0746439+03:00
2026-06-12T11:02:59Z,9282456124,15990521853,262144,2026-06-12T14:03:10.6185535+03:00
2026-06-12T11:02:59Z,9282456124,15990521853,262144,2026-06-12T14:03:11.1661422+03:00
2026-06-12T11:03:00Z,9282456124,15990521853,262144,2026-06-12T14:03:11.7232908+03:00
2026-06-12T11:03:00Z,9282456124,15990521853,262144,2026-06-12T14:03:12.2755623+03:00
2026-06-12T11:03:01Z,9282456124,15990521853,262144,2026-06-12T14:03:12.8198899+03:00
2026-06-12T11:03:01Z,9282456124,15990521853,262144,2026-06-12T14:03:13.3702241+03:00
2026-06-12T11:03:02Z,9282456124,15990521853,262144,2026-06-12T14:03:13.9124842+03:00
2026-06-12T11:03:02Z,9282456124,15990521853,262144,2026-06-12T14:03:14.4584884+03:00
2026-06-12T11:03:03Z,9282456124,15990521853,262144,2026-06-12T14:03:15.0140191+03:00
2026-06-12T11:03:04Z,9282456124,15990521853,262144,2026-06-12T14:03:15.5598281+03:00
2026-06-12T11:03:04Z,9282456124,15990521853,262144,2026-06-12T14:03:16.1087475+03:00
2026-06-12T11:03:05Z,9282456124,15990521853,262144,2026-06-12T14:03:16.6539009+03:00
2026-06-12T11:03:05Z,9282456124,15990521853,262144,2026-06-12T14:03:17.2088574+03:00
2026-06-12T11:03:06Z,9282456124,15990521853,262144,2026-06-12T14:03:17.7492676+03:00
2026-06-12T11:03:06Z,9282456124,15990521853,262144,2026-06-12T14:03:18.2985928+03:00
2026-06-12T11:03:07Z,9282456124,15990521853,262144,2026-06-12T14:03:18.8541383+03:00
2026-06-12T11:03:07Z,9282456124,15990521853,262144,2026-06-12T14:03:19.398057+03:00
2026-06-12T11:03:08Z,9282456124,15990521853,262144,2026-06-12T14:03:19.9545669+03:00
2026-06-12T11:03:08Z,9282456124,15990521853,262144,2026-06-12T14:03:20.5016776+03:00
2026-06-12T11:03:21Z,13363262258,15587879155,65536,2026-06-12T14:03:33.1360055+03:00
2026-06-12T11:03:22Z,13363262258,15587879155,65536,2026-06-12T14:03:33.6899945+03:00
2026-06-12T11:03:22Z,13363262258,15587879155,65536,2026-06-12T14:03:34.2392172+03:00
2026-06-12T11:03:23Z,13363262258,15587879155,65536,2026-06-12T14:03:34.7957987+03:00
2026-06-12T11:03:23Z,13363262258,15587879155,65536,2026-06-12T14:03:35.3471416+03:00
2026-06-12T11:03:24Z,13363262258,15587879155,65536,2026-06-12T14:03:35.8884025+03:00
2026-06-12T11:03:24Z,13363262258,15587879155,65536,2026-06-12T14:03:36.4224542+03:00
2026-06-12T11:03:25Z,13363262258,15587879155,65536,2026-06-12T14:03:36.9629155+03:00
2026-06-12T11:03:26Z,13363262258,15587879155,65536,2026-06-12T14:03:37.5063977+03:00
2026-06-12T11:03:26Z,13363262258,15587879155,65536,2026-06-12T14:03:38.0587263+03:00
2026-06-12T11:03:27Z,13363262258,15587879155,65536,2026-06-12T14:03:38.60495+03:00
2026-06-12T11:03:27Z,13363262258,15587879155,65536,2026-06-12T14:03:39.1558858+03:00
2026-06-12T11:03:28Z,13363262258,15587879155,65536,2026-06-12T14:03:39.7070232+03:00
2026-06-12T11:03:28Z,13363262258,15587879155,65536,2026-06-12T14:03:40.2684032+03:00
2026-06-12T11:03:29Z,13363262258,15587879155,65536,2026-06-12T14:03:40.8228887+03:00
2026-06-12T11:03:29Z,13363262258,15587879155,65536,2026-06-12T14:03:41.3716469+03:00
2026-06-12T11:03:30Z,13363262258,15587879155,65536,2026-06-12T14:03:41.918613+03:00
2026-06-12T11:03:30Z,13363262258,15587879155,65536,2026-06-12T14:03:42.4618283+03:00
2026-06-12T11:03:31Z,13363262258,15587879155,65536,2026-06-12T14:03:43.009189+03:00
2026-06-12T11:03:32Z,13363262258,15587879155,65536,2026-06-12T14:03:43.5504331+03:00
2026-06-12T11:03:32Z,13363262258,15587879155,65536,2026-06-12T14:03:44.1023153+03:00
2026-06-12T11:03:33Z,13363262258,15587879155,65536,2026-06-12T14:03:44.6572073+03:00
2026-06-12T11:03:46Z,9282456124,15990521853,262144,2026-06-12T14:03:58.3231013+03:00
2026-06-12T11:03:47Z,9282456124,15990521853,262144,2026-06-12T14:03:58.8697123+03:00
2026-06-12T11:03:47Z,9282456124,15990521853,262144,2026-06-12T14:03:59.4145136+03:00
2026-06-12T11:03:48Z,9282456124,15990521853,262144,2026-06-12T14:03:59.9626061+03:00
2026-06-12T11:03:49Z,9282456124,15990521853,262144,2026-06-12T14:04:00.5166654+03:00
2026-06-12T11:03:49Z,9282456124,15990521853,262144,2026-06-12T14:04:01.0648063+03:00
2026-06-12T11:03:50Z,9282456124,15990521853,262144,2026-06-12T14:04:01.6022019+03:00
2026-06-12T11:03:50Z,9282456124,15990521853,262144,2026-06-12T14:04:02.1491966+03:00
2026-06-12T11:03:51Z,9282456124,15990521853,262144,2026-06-12T14:04:02.6980005+03:00
2026-06-12T11:03:51Z,9282456124,15990521853,262144,2026-06-12T14:04:03.2503224+03:00
2026-06-12T11:03:52Z,9282456124,15990521853,262144,2026-06-12T14:04:03.8016519+03:00
2026-06-12T11:03:52Z,9282456124,15990521853,262144,2026-06-12T14:04:04.3451422+03:00
2026-06-12T11:03:53Z,9282456124,15990521853,262144,2026-06-12T14:04:04.8924571+03:00
2026-06-12T11:03:53Z,9282456124,15990521853,262144,2026-06-12T14:04:05.4404316+03:00
2026-06-12T11:03:54Z,9282456124,15990521853,262144,2026-06-12T14:04:05.9931291+03:00
2026-06-12T11:03:55Z,9282456124,15990521853,262144,2026-06-12T14:04:06.5425188+03:00
2026-06-12T11:03:55Z,9282456124,15990521853,262144,2026-06-12T14:04:07.0921483+03:00
2026-06-12T11:03:56Z,9282456124,15990521853,262144,2026-06-12T14:04:07.648255+03:00
2026-06-12T11:03:56Z,9282456124,15990521853,262144,2026-06-12T14:04:08.190519+03:00
2026-06-12T11:03:57Z,9282456124,15990521853,262144,2026-06-12T14:04:08.7417724+03:00
2026-06-12T11:03:57Z,9282456124,15990521853,262144,2026-06-12T14:04:09.2889282+03:00
2026-06-12T11:03:58Z,9282456124,15990521853,262144,2026-06-12T14:04:09.8373736+03:00
2026-06-12T11:03:58Z,9282456124,15990521853,262144,2026-06-12T14:04:10.3804601+03:00
2026-06-12T11:03:59Z,9282456124,15990521853,262144,2026-06-12T14:04:10.9282565+03:00
2026-06-12T11:03:59Z,9282456124,15990521853,262144,2026-06-12T14:04:11.4771246+03:00
2026-06-12T11:04:00Z,9282456124,15990521853,262144,2026-06-12T14:04:12.0367694+03:00
2026-06-12T11:04:01Z,9282456124,15990521853,262144,2026-06-12T14:04:12.5761352+03:00
2026-06-12T11:04:01Z,9282456124,15990521853,262144,2026-06-12T14:04:13.1133129+03:00
2026-06-12T11:04:02Z,9282456124,15990521853,262144,2026-06-12T14:04:13.6608238+03:00
2026-06-12T11:04:02Z,9282456124,15990521853,262144,2026-06-12T14:04:14.2170282+03:00
2026-06-12T11:04:03Z,9282456124,15990521853,262144,2026-06-12T14:04:14.7617325+03:00
2026-06-12T11:04:03Z,9282456124,15990521853,262144,2026-06-12T14:04:15.2993772+03:00
2026-06-12T11:04:04Z,9282456124,15990521853,262144,2026-06-12T14:04:15.8431192+03:00
2026-06-12T11:04:04Z,9282456124,15990521853,262144,2026-06-12T14:04:16.3789623+03:00
2026-06-12T11:04:05Z,9282456124,15990521853,262144,2026-06-12T14:04:16.9258751+03:00
2026-06-12T11:04:05Z,9282456124,15990521853,262144,2026-06-12T14:04:17.4788782+03:00
2026-06-12T11:04:06Z,9282456124,15990521853,262144,2026-06-12T14:04:18.0281575+03:00
2026-06-12T11:04:07Z,9282456124,15990521853,262144,2026-06-12T14:04:18.5731381+03:00
2026-06-12T11:04:07Z,9282456124,15990521853,262144,2026-06-12T14:04:19.1201796+03:00
2026-06-12T11:04:08Z,9282456124,15990521853,262144,2026-06-12T14:04:19.6695736+03:00
2026-06-12T11:04:08Z,9282456124,15990521853,262144,2026-06-12T14:04:20.2246773+03:00
2026-06-12T11:04:09Z,9282456124,15990521853,262144,2026-06-12T14:04:20.7667751+03:00
2026-06-12T11:04:09Z,9282456124,15990521853,262144,2026-06-12T14:04:21.3113778+03:00
2026-06-12T11:04:10Z,9282456124,15990521853,262144,2026-06-12T14:04:21.856136+03:00
2026-06-12T11:04:10Z,9282456124,15990521853,262144,2026-06-12T14:04:22.4038862+03:00
2026-06-12T11:04:11Z,9282456124,15990521853,262144,2026-06-12T14:04:22.9524594+03:00
2026-06-12T11:04:11Z,9282456124,15990521853,262144,2026-06-12T14:04:23.4912486+03:00
2026-06-12T11:04:12Z,9282456124,15990521853,262144,2026-06-12T14:04:24.0263713+03:00
2026-06-12T11:04:13Z,9282456124,15990521853,262144,2026-06-12T14:04:24.5641691+03:00
2026-06-12T11:04:13Z,9282456124,15990521853,262144,2026-06-12T14:04:25.1034787+03:00
2026-06-12T11:04:14Z,9282456124,15990521853,262144,2026-06-12T14:04:25.6410309+03:00
2026-06-12T11:04:14Z,9282456124,15990521853,262144,2026-06-12T14:04:26.1805862+03:00
2026-06-12T11:04:15Z,9282456124,15990521853,262144,2026-06-12T14:04:26.720952+03:00
2026-06-12T11:04:15Z,9282456124,15990521853,262144,2026-06-12T14:04:27.2690703+03:00
2026-06-12T11:04:16Z,9282456124,15990521853,262144,2026-06-12T14:04:27.8216493+03:00
2026-06-12T11:04:16Z,9282456124,15990521853,262144,2026-06-12T14:04:28.3766643+03:00
2026-06-12T11:04:17Z,9282456124,15990521853,262144,2026-06-12T14:04:28.9124317+03:00
2026-06-12T11:04:17Z,9282456124,15990521853,262144,2026-06-12T14:04:29.4620855+03:00
2026-06-12T11:04:18Z,9282456124,15990521853,262144,2026-06-12T14:04:30.0130184+03:00
2026-06-12T11:04:19Z,9282456124,15990521853,262144,2026-06-12T14:04:30.5610755+03:00
2026-06-12T11:04:19Z,9282456124,15990521853,262144,2026-06-12T14:04:31.111449+03:00
2026-06-12T11:04:20Z,9282456124,15990521853,262144,2026-06-12T14:04:31.6525827+03:00
2026-06-12T11:04:20Z,9282456124,15990521853,262144,2026-06-12T14:04:32.1964652+03:00
2026-06-12T11:04:21Z,9282456124,15990521853,262144,2026-06-12T14:04:32.749597+03:00
2026-06-12T11:04:21Z,9282456124,15990521853,262144,2026-06-12T14:04:33.3028903+03:00
2026-06-12T11:04:22Z,9282456124,15990521853,262144,2026-06-12T14:04:33.855294+03:00
2026-06-12T11:04:22Z,9282456124,15990521853,262144,2026-06-12T14:04:34.4058894+03:00
2026-06-12T11:04:23Z,9282456124,15990521853,262144,2026-06-12T14:04:34.9591859+03:00
2026-06-12T11:04:24Z,9282456124,15990521853,262144,2026-06-12T14:04:35.5057991+03:00
2026-06-12T11:04:24Z,9282456124,15990521853,262144,2026-06-12T14:04:36.0530854+03:00
2026-06-12T11:04:25Z,9282456124,15990521853,262144,2026-06-12T14:04:36.5915012+03:00
2026-06-12T11:04:25Z,9282456124,15990521853,262144,2026-06-12T14:04:37.1391948+03:00
2026-06-12T11:04:26Z,9282456124,15990521853,262144,2026-06-12T14:04:37.6953937+03:00
2026-06-12T11:04:26Z,9282456124,15990521853,262144,2026-06-12T14:04:38.243071+03:00
2026-06-12T11:04:27Z,9282456124,15990521853,262144,2026-06-12T14:04:38.7874323+03:00
2026-06-12T11:04:27Z,9282456124,15990521853,262144,2026-06-12T14:04:39.3373454+03:00
2026-06-12T11:04:28Z,9282456124,15990521853,262144,2026-06-12T14:04:39.8907697+03:00
2026-06-12T11:04:28Z,9282456124,15990521853,262144,2026-06-12T14:04:40.4419085+03:00
2026-06-12T11:04:29Z,9282456124,15990521853,262144,2026-06-12T14:04:40.9890057+03:00
2026-06-12T11:04:30Z,9282456124,15990521853,262144,2026-06-12T14:04:41.5266005+03:00
2026-06-12T11:04:30Z,9282456124,15990521853,262144,2026-06-12T14:04:42.0737504+03:00
2026-06-12T11:04:31Z,9282456124,15990521853,262144,2026-06-12T14:04:42.6238294+03:00
2026-06-12T11:04:31Z,9282456124,15990521853,262144,2026-06-12T14:04:43.1766096+03:00
2026-06-12T11:04:32Z,9282456124,15990521853,262144,2026-06-12T14:04:43.7278146+03:00
2026-06-12T11:04:32Z,9282456124,15990521853,262144,2026-06-12T14:04:44.2795562+03:00
2026-06-12T11:04:33Z,9282456124,15990521853,262144,2026-06-12T14:04:44.8361873+03:00
2026-06-12T11:04:33Z,9282456124,15990521853,262144,2026-06-12T14:04:45.3938451+03:00
2026-06-12T11:04:34Z,9282456124,15990521853,262144,2026-06-12T14:04:45.9433201+03:00
2026-06-12T11:04:34Z,9282456124,15990521853,262144,2026-06-12T14:04:46.484553+03:00
2026-06-12T11:04:35Z,9282456124,15990521853,262144,2026-06-12T14:04:47.031805+03:00
2026-06-12T11:04:36Z,9282456124,15990521853,262144,2026-06-12T14:04:47.5888242+03:00
2026-06-12T11:04:36Z,9282456124,15990521853,262144,2026-06-12T14:04:48.1308135+03:00
2026-06-12T11:04:37Z,9282456124,15990521853,262144,2026-06-12T14:04:48.6849026+03:00
2026-06-12T11:04:37Z,9282456124,15990521853,262144,2026-06-12T14:04:49.2271702+03:00
2026-06-12T11:04:38Z,9282456124,15990521853,262144,2026-06-12T14:04:49.7676995+03:00
2026-06-12T11:04:38Z,9282456124,15990521853,262144,2026-06-12T14:04:50.318004+03:00
2026-06-12T11:04:39Z,9282456124,15990521853,262144,2026-06-12T14:04:50.8603707+03:00
2026-06-12T11:04:39Z,9282456124,15990521853,262144,2026-06-12T14:04:51.4076529+03:00
2026-06-12T11:04:40Z,9282456124,15990521853,262144,2026-06-12T14:04:51.9540895+03:00
2026-06-12T11:04:40Z,9282456124,15990521853,262144,2026-06-12T14:04:52.4947501+03:00
2026-06-12T11:04:41Z,9282456124,15990521853,262144,2026-06-12T14:04:53.0579719+03:00
2026-06-12T11:04:42Z,9282456124,15990521853,262144,2026-06-12T14:04:53.5955162+03:00
2026-06-12T11:04:42Z,9282456124,15990521853,262144,2026-06-12T14:04:54.1393795+03:00
2026-06-12T11:04:43Z,9282456124,15990521853,262144,2026-06-12T14:04:54.6872413+03:00
2026-06-12T11:04:43Z,9282456124,15990521853,262144,2026-06-12T14:04:55.2412557+03:00
2026-06-12T11:04:44Z,9282456124,15990521853,262144,2026-06-12T14:04:55.7946758+03:00
2026-06-12T11:04:44Z,9282456124,15990521853,262144,2026-06-12T14:04:56.3378969+03:00
2026-06-12T11:04:45Z,9282456124,15990521853,262144,2026-06-12T14:04:56.8828306+03:00
2026-06-12T11:04:45Z,9282456124,15990521853,262144,2026-06-12T14:04:57.4328191+03:00
2026-06-12T11:04:46Z,9282456124,15990521853,262144,2026-06-12T14:04:57.9838089+03:00
2026-06-12T11:04:47Z,9282456124,15990521853,262144,2026-06-12T14:04:58.5367822+03:00
2026-06-12T11:04:47Z,9282456124,15990521853,262144,2026-06-12T14:04:59.0889734+03:00
2026-06-12T11:04:48Z,9282456124,15990521853,262144,2026-06-12T14:04:59.6397069+03:00
2026-06-12T11:04:48Z,9282456124,15990521853,262144,2026-06-12T14:05:00.190731+03:00
2026-06-12T11:04:49Z,9282456124,15990521853,262144,2026-06-12T14:05:00.7423739+03:00
2026-06-12T11:04:49Z,9282456124,15990521853,262144,2026-06-12T14:05:01.2949373+03:00
2026-06-12T11:04:50Z,9282456124,15990521853,262144,2026-06-12T14:05:01.8523954+03:00
2026-06-12T11:04:50Z,9282456124,15990521853,262144,2026-06-12T14:05:02.3920856+03:00
2026-06-12T11:04:51Z,9282456124,15990521853,262144,2026-06-12T14:05:02.9391557+03:00
2026-06-12T11:04:51Z,9282456124,15990521853,262144,2026-06-12T14:05:03.493876+03:00
2026-06-12T11:04:52Z,9282456124,15990521853,262144,2026-06-12T14:05:04.0339009+03:00
2026-06-12T11:04:53Z,9282456124,15990521853,262144,2026-06-12T14:05:04.5739467+03:00
2026-06-12T11:04:53Z,9282456124,15990521853,262144,2026-06-12T14:05:05.1234272+03:00
2026-06-12T11:04:54Z,9282456124,15990521853,262144,2026-06-12T14:05:05.6710287+03:00
2026-06-12T11:04:54Z,9282456124,15990521853,262144,2026-06-12T14:05:06.2225245+03:00
2026-06-12T11:04:55Z,9282456124,15990521853,262144,2026-06-12T14:05:06.7706949+03:00
2026-06-12T11:04:55Z,9282456124,15990521853,262144,2026-06-12T14:05:07.317486+03:00
2026-06-12T11:04:56Z,9282456124,15990521853,262144,2026-06-12T14:05:07.8810032+03:00
2026-06-12T11:04:56Z,9282456124,15990521853,262144,2026-06-12T14:05:08.4266625+03:00
2026-06-12T11:04:57Z,9282456124,15990521853,262144,2026-06-12T14:05:08.9802159+03:00
2026-06-12T11:04:58Z,9282456124,15990521853,262144,2026-06-12T14:05:09.531515+03:00
2026-06-12T11:04:58Z,9282456124,15990521853,262144,2026-06-12T14:05:10.0851996+03:00
2026-06-12T11:04:59Z,9282456124,15990521853,262144,2026-06-12T14:05:10.6367996+03:00
2026-06-12T11:04:59Z,9282456124,15990521853,262144,2026-06-12T14:05:11.1877504+03:00
2026-06-12T11:05:00Z,9282456124,15990521853,262144,2026-06-12T14:05:11.7349919+03:00
2026-06-12T11:05:00Z,9282456124,15990521853,262144,2026-06-12T14:05:12.2842595+03:00
2026-06-12T11:05:01Z,9282456124,15990521853,262144,2026-06-12T14:05:12.8310562+03:00
2026-06-12T11:05:01Z,9282456124,15990521853,262144,2026-06-12T14:05:13.3853375+03:00
2026-06-12T11:05:02Z,9282456124,15990521853,262144,2026-06-12T14:05:13.9345047+03:00
2026-06-12T11:05:02Z,9282456124,15990521853,262144,2026-06-12T14:05:14.479561+03:00
2026-06-12T11:05:03Z,9282456124,15990521853,262144,2026-06-12T14:05:15.0248668+03:00
2026-06-12T11:05:04Z,9282456124,15990521853,262144,2026-06-12T14:05:15.5749126+03:00
2026-06-12T11:05:04Z,9282456124,15990521853,262144,2026-06-12T14:05:16.1344319+03:00
2026-06-12T11:05:05Z,9282456124,15990521853,262144,2026-06-12T14:05:16.6810709+03:00
2026-06-12T11:05:05Z,9282456124,15990521853,262144,2026-06-12T14:05:17.2377919+03:00
2026-06-12T11:05:06Z,9282456124,15990521853,262144,2026-06-12T14:05:17.7872086+03:00
2026-06-12T11:05:06Z,9282456124,15990521853,262144,2026-06-12T14:05:18.3347344+03:00
2026-06-12T11:05:07Z,9282456124,15990521853,262144,2026-06-12T14:05:18.886697+03:00
2026-06-12T11:05:07Z,9282456124,15990521853,262144,2026-06-12T14:05:19.427953+03:00
2026-06-12T11:05:08Z,9282456124,15990521853,262144,2026-06-12T14:05:19.9762625+03:00
2026-06-12T11:05:09Z,9282456124,15990521853,262144,2026-06-12T14:05:20.5271766+03:00
2026-06-12T11:05:09Z,9282456124,15990521853,262144,2026-06-12T14:05:21.0803367+03:00
2026-06-12T11:05:10Z,9282456124,15990521853,262144,2026-06-12T14:05:21.6273894+03:00
2026-06-12T11:05:10Z,9282456124,15990521853,262144,2026-06-12T14:05:22.1887126+03:00
2026-06-12T11:05:11Z,9282456124,15990521853,262144,2026-06-12T14:05:22.7275106+03:00
2026-06-12T11:05:11Z,9282456124,15990521853,262144,2026-06-12T14:05:23.2824226+03:00
2026-06-12T11:05:12Z,9282456124,15990521853,262144,2026-06-12T14:05:23.8209611+03:00
2026-06-12T11:05:12Z,9282456124,15990521853,262144,2026-06-12T14:05:24.3612+03:00
2026-06-12T11:05:13Z,9282456124,15990521853,262144,2026-06-12T14:05:24.9157105+03:00
2026-06-12T11:05:13Z,9282456124,15990521853,262144,2026-06-12T14:05:25.4615208+03:00
2026-06-12T11:05:14Z,9282456124,15990521853,262144,2026-06-12T14:05:26.0175636+03:00
2026-06-12T11:05:15Z,9282456124,15990521853,262144,2026-06-12T14:05:26.5534084+03:00
2026-06-12T11:05:15Z,9282456124,15990521853,262144,2026-06-12T14:05:27.1154189+03:00
2026-06-12T11:05:16Z,9282456124,15990521853,262144,2026-06-12T14:05:27.6722771+03:00
2026-06-12T11:05:16Z,9282456124,15990521853,262144,2026-06-12T14:05:28.2253754+03:00
2026-06-12T11:05:17Z,9282456124,15990521853,262144,2026-06-12T14:05:28.7783682+03:00
2026-06-12T11:05:17Z,9282456124,15990521853,262144,2026-06-12T14:05:29.3305992+03:00
2026-06-12T11:05:18Z,9282456124,15990521853,262144,2026-06-12T14:05:29.8909335+03:00
2026-06-12T11:05:18Z,9282456124,15990521853,262144,2026-06-12T14:05:30.4312639+03:00
2026-06-12T11:05:19Z,9282456124,15990521853,262144,2026-06-12T14:05:30.9782602+03:00
2026-06-12T11:05:20Z,9282456124,15990521853,262144,2026-06-12T14:05:31.5232591+03:00
2026-06-12T11:05:20Z,9282456124,15990521853,262144,2026-06-12T14:05:32.0750266+03:00
2026-06-12T11:05:21Z,9282456124,15990521853,262144,2026-06-12T14:05:32.6345481+03:00
2026-06-12T11:05:21Z,9282456124,15990521853,262144,2026-06-12T14:05:33.177837+03:00
2026-06-12T11:05:22Z,9282456124,15990521853,262144,2026-06-12T14:05:33.726236+03:00
2026-06-12T11:05:22Z,9282456124,15990521853,262144,2026-06-12T14:05:34.2835429+03:00
2026-06-12T11:05:23Z,9282456124,15990521853,262144,2026-06-12T14:05:34.8364+03:00
2026-06-12T11:05:23Z,9282456124,15990521853,262144,2026-06-12T14:05:35.3809731+03:00
2026-06-12T11:05:24Z,9282456124,15990521853,262144,2026-06-12T14:05:35.9271265+03:00
2026-06-12T11:05:24Z,9282456124,15990521853,262144,2026-06-12T14:05:36.4694879+03:00
2026-06-12T11:05:25Z,9282456124,15990521853,262144,2026-06-12T14:05:37.0212814+03:00
2026-06-12T11:05:26Z,9282456124,15990521853,262144,2026-06-12T14:05:37.5653587+03:00
2026-06-12T11:05:26Z,9282456124,15990521853,262144,2026-06-12T14:05:38.118968+03:00
2026-06-12T11:05:27Z,9282456124,15990521853,262144,2026-06-12T14:05:38.6741374+03:00
2026-06-12T11:05:27Z,9282456124,15990521853,262144,2026-06-12T14:05:39.2290463+03:00
2026-06-12T11:05:28Z,9282456124,15990521853,262144,2026-06-12T14:05:39.7803095+03:00
2026-06-12T11:05:28Z,9282456124,15990521853,262144,2026-06-12T14:05:40.322786+03:00
2026-06-12T11:05:29Z,9282456124,15990521853,262144,2026-06-12T14:05:40.869267+03:00
2026-06-12T11:05:41Z,13363262258,15587879155,65536,2026-06-12T14:05:53.4670667+03:00
2026-06-12T11:05:42Z,13363262258,15587879155,65536,2026-06-12T14:05:54.0183499+03:00
2026-06-12T11:05:43Z,13363262258,15587879155,65536,2026-06-12T14:05:54.5721087+03:00
2026-06-12T11:05:43Z,13363262258,15587879155,65536,2026-06-12T14:05:55.1290996+03:00
2026-06-12T11:05:44Z,13363262258,15587879155,65536,2026-06-12T14:05:55.6713532+03:00
2026-06-12T11:05:44Z,13363262258,15587879155,65536,2026-06-12T14:05:56.217614+03:00
2026-06-12T11:05:45Z,13363262258,15587879155,65536,2026-06-12T14:05:56.7588761+03:00
2026-06-12T11:05:45Z,13363262258,15587879155,65536,2026-06-12T14:05:57.3089852+03:00
2026-06-12T11:05:46Z,13363262258,15587879155,65536,2026-06-12T14:05:57.8651229+03:00
2026-06-12T11:05:46Z,13363262258,15587879155,65536,2026-06-12T14:05:58.4161563+03:00
2026-06-12T11:05:47Z,13363262258,15587879155,65536,2026-06-12T14:05:58.9705158+03:00
2026-06-12T11:05:48Z,13363262258,15587879155,65536,2026-06-12T14:05:59.5218936+03:00
2026-06-12T11:05:48Z,13363262258,15587879155,65536,2026-06-12T14:06:00.0687669+03:00
2026-06-12T11:05:49Z,13363262258,15587879155,65536,2026-06-12T14:06:00.6212906+03:00
2026-06-12T11:05:49Z,13363262258,15587879155,65536,2026-06-12T14:06:01.1995635+03:00
2026-06-12T11:05:50Z,13363262258,15587879155,65536,2026-06-12T14:06:01.7487216+03:00
2026-06-12T11:05:50Z,13363262258,15587879155,65536,2026-06-12T14:06:02.2951362+03:00
2026-06-12T11:05:51Z,13363262258,15587879155,65536,2026-06-12T14:06:02.8339599+03:00
2026-06-12T11:05:51Z,13363262258,15587879155,65536,2026-06-12T14:06:03.381433+03:00
2026-06-12T11:05:52Z,13363262258,15587879155,65536,2026-06-12T14:06:03.9289414+03:00
2026-06-12T11:05:52Z,13363262258,15587879155,65536,2026-06-12T14:06:04.4669214+03:00
2026-06-12T11:05:53Z,13363262258,15587879155,65536,2026-06-12T14:06:05.0278767+03:00
2026-06-12T11:06:06Z,9282456124,15990521853,262144,2026-06-12T14:06:18.1737979+03:00
2026-06-12T11:06:07Z,9282456124,15990521853,262144,2026-06-12T14:06:18.7344559+03:00
2026-06-12T11:06:07Z,9282456124,15990521853,262144,2026-06-12T14:06:19.2754204+03:00
2026-06-12T11:06:08Z,9282456124,15990521853,262144,2026-06-12T14:06:19.8252963+03:00
2026-06-12T11:06:08Z,9282456124,15990521853,262144,2026-06-12T14:06:20.373182+03:00
2026-06-12T11:06:09Z,9282456124,15990521853,262144,2026-06-12T14:06:20.930464+03:00
2026-06-12T11:06:09Z,9282456124,15990521853,262144,2026-06-12T14:06:21.4762003+03:00
2026-06-12T11:06:10Z,9282456124,15990521853,262144,2026-06-12T14:06:22.0246194+03:00
2026-06-12T11:06:11Z,9282456124,15990521853,262144,2026-06-12T14:06:22.568612+03:00
2026-06-12T11:06:11Z,9282456124,15990521853,262144,2026-06-12T14:06:23.1164065+03:00
2026-06-12T11:06:12Z,9282456124,15990521853,262144,2026-06-12T14:06:23.6678387+03:00
2026-06-12T11:06:12Z,9282456124,15990521853,262144,2026-06-12T14:06:24.2202373+03:00
2026-06-12T11:06:13Z,9282456124,15990521853,262144,2026-06-12T14:06:24.774051+03:00
2026-06-12T11:06:13Z,9282456124,15990521853,262144,2026-06-12T14:06:25.3175793+03:00
2026-06-12T11:06:14Z,9282456124,15990521853,262144,2026-06-12T14:06:25.8690249+03:00
2026-06-12T11:06:14Z,9282456124,15990521853,262144,2026-06-12T14:06:26.4142743+03:00
2026-06-12T11:06:15Z,9282456124,15990521853,262144,2026-06-12T14:06:26.9551998+03:00
2026-06-12T11:06:15Z,9282456124,15990521853,262144,2026-06-12T14:06:27.503888+03:00
2026-06-12T11:06:16Z,9282456124,15990521853,262144,2026-06-12T14:06:28.0537892+03:00
2026-06-12T11:06:17Z,9282456124,15990521853,262144,2026-06-12T14:06:28.6057651+03:00
2026-06-12T11:06:17Z,9282456124,15990521853,262144,2026-06-12T14:06:29.1562894+03:00
2026-06-12T11:06:18Z,9282456124,15990521853,262144,2026-06-12T14:06:29.70874+03:00
2026-06-12T11:06:18Z,9282456124,15990521853,262144,2026-06-12T14:06:30.2631131+03:00
2026-06-12T11:06:19Z,9282456124,15990521853,262144,2026-06-12T14:06:30.8066149+03:00
2026-06-12T11:06:19Z,9282456124,15990521853,262144,2026-06-12T14:06:31.3568963+03:00
2026-06-12T11:06:20Z,9282456124,15990521853,262144,2026-06-12T14:06:31.9208467+03:00
2026-06-12T11:06:20Z,9282456124,15990521853,262144,2026-06-12T14:06:32.4750153+03:00
2026-06-12T11:06:21Z,9282456124,15990521853,262144,2026-06-12T14:06:33.0296066+03:00
2026-06-12T11:06:22Z,9282456124,15990521853,262144,2026-06-12T14:06:33.5848988+03:00
2026-06-12T11:06:22Z,9282456124,15990521853,262144,2026-06-12T14:06:34.1306686+03:00
2026-06-12T11:06:23Z,9282456124,15990521853,262144,2026-06-12T14:06:34.6727414+03:00
2026-06-12T11:06:23Z,9282456124,15990521853,262144,2026-06-12T14:06:35.2212822+03:00
2026-06-12T11:06:24Z,9282456124,15990521853,262144,2026-06-12T14:06:35.7677185+03:00
2026-06-12T11:06:24Z,9282456124,15990521853,262144,2026-06-12T14:06:36.3150363+03:00
2026-06-12T11:06:25Z,9282456124,15990521853,262144,2026-06-12T14:06:36.8657082+03:00
2026-06-12T11:06:25Z,9282456124,15990521853,262144,2026-06-12T14:06:37.4125865+03:00
2026-06-12T11:06:26Z,9282456124,15990521853,262144,2026-06-12T14:06:37.9637913+03:00
2026-06-12T11:06:27Z,9282456124,15990521853,262144,2026-06-12T14:06:38.5104572+03:00
2026-06-12T11:06:27Z,9282456124,15990521853,262144,2026-06-12T14:06:39.0507986+03:00
2026-06-12T11:06:28Z,9282456124,15990521853,262144,2026-06-12T14:06:39.5956181+03:00
2026-06-12T11:06:28Z,9282456124,15990521853,262144,2026-06-12T14:06:40.136524+03:00
2026-06-12T11:06:29Z,9282456124,15990521853,262144,2026-06-12T14:06:40.6790731+03:00
2026-06-12T11:06:29Z,9282456124,15990521853,262144,2026-06-12T14:06:41.2172017+03:00
2026-06-12T11:06:30Z,9282456124,15990521853,262144,2026-06-12T14:06:41.7672986+03:00
2026-06-12T11:06:30Z,9282456124,15990521853,262144,2026-06-12T14:06:42.318017+03:00
2026-06-12T11:06:31Z,9282456124,15990521853,262144,2026-06-12T14:06:42.8664631+03:00
2026-06-12T11:06:31Z,9282456124,15990521853,262144,2026-06-12T14:06:43.4132964+03:00
2026-06-12T11:06:32Z,9282456124,15990521853,262144,2026-06-12T14:06:43.9579982+03:00
2026-06-12T11:06:33Z,9282456124,15990521853,262144,2026-06-12T14:06:44.5058665+03:00
2026-06-12T11:06:33Z,9282456124,15990521853,262144,2026-06-12T14:06:45.0574059+03:00
2026-06-12T11:06:34Z,9282456124,15990521853,262144,2026-06-12T14:06:45.600655+03:00
2026-06-12T11:06:34Z,9282456124,15990521853,262144,2026-06-12T14:06:46.1294643+03:00
2026-06-12T11:06:35Z,9282456124,15990521853,262144,2026-06-12T14:06:46.6747905+03:00
2026-06-12T11:06:35Z,9282456124,15990521853,262144,2026-06-12T14:06:47.2180763+03:00
2026-06-12T11:06:36Z,9282456124,15990521853,262144,2026-06-12T14:06:47.7670316+03:00
2026-06-12T11:06:36Z,9282456124,15990521853,262144,2026-06-12T14:06:48.3146465+03:00
2026-06-12T11:06:37Z,9282456124,15990521853,262144,2026-06-12T14:06:48.8619862+03:00
2026-06-12T11:06:37Z,9282456124,15990521853,262144,2026-06-12T14:06:49.4090318+03:00
2026-06-12T11:06:38Z,9282456124,15990521853,262144,2026-06-12T14:06:49.9637035+03:00
2026-06-12T11:06:39Z,9282456124,15990521853,262144,2026-06-12T14:06:50.5166209+03:00
2026-06-12T11:06:39Z,9282456124,15990521853,262144,2026-06-12T14:06:51.0775301+03:00
2026-06-12T11:06:40Z,9282456124,15990521853,262144,2026-06-12T14:06:51.6267801+03:00
2026-06-12T11:06:40Z,9282456124,15990521853,262144,2026-06-12T14:06:52.1694619+03:00
2026-06-12T11:06:41Z,9282456124,15990521853,262144,2026-06-12T14:06:52.7470055+03:00
2026-06-12T11:06:41Z,9282456124,15990521853,262144,2026-06-12T14:06:53.2925254+03:00
2026-06-12T11:06:42Z,9282456124,15990521853,262144,2026-06-12T14:06:53.8435076+03:00
2026-06-12T11:06:42Z,9282456124,15990521853,262144,2026-06-12T14:06:54.3932213+03:00
2026-06-12T11:06:43Z,9282456124,15990521853,262144,2026-06-12T14:06:54.9440642+03:00
2026-06-12T11:06:43Z,9282456124,15990521853,262144,2026-06-12T14:06:55.4898067+03:00
2026-06-12T11:06:44Z,9282456124,15990521853,262144,2026-06-12T14:06:56.03493+03:00
2026-06-12T11:06:45Z,9282456124,15990521853,262144,2026-06-12T14:06:56.587154+03:00
2026-06-12T11:06:45Z,9282456124,15990521853,262144,2026-06-12T14:06:57.1290178+03:00
2026-06-12T11:06:46Z,9282456124,15990521853,262144,2026-06-12T14:06:57.6684999+03:00
2026-06-12T11:06:46Z,9282456124,15990521853,262144,2026-06-12T14:06:58.2036128+03:00
2026-06-12T11:06:47Z,9282456124,15990521853,262144,2026-06-12T14:06:58.7448907+03:00
2026-06-12T11:06:47Z,9282456124,15990521853,262144,2026-06-12T14:06:59.2820941+03:00
2026-06-12T11:06:48Z,9282456124,15990521853,262144,2026-06-12T14:06:59.8339095+03:00
2026-06-12T11:06:48Z,9282456124,15990521853,262144,2026-06-12T14:07:00.3874559+03:00
2026-06-12T11:06:49Z,9282456124,15990521853,262144,2026-06-12T14:07:00.9397038+03:00
2026-06-12T11:06:49Z,9282456124,15990521853,262144,2026-06-12T14:07:01.4762636+03:00
2026-06-12T11:06:50Z,9282456124,15990521853,262144,2026-06-12T14:07:02.0278637+03:00
2026-06-12T11:06:51Z,9282456124,15990521853,262144,2026-06-12T14:07:02.5783368+03:00
2026-06-12T11:06:51Z,9282456124,15990521853,262144,2026-06-12T14:07:03.1215816+03:00
2026-06-12T11:06:52Z,9282456124,15990521853,262144,2026-06-12T14:07:03.6681584+03:00
2026-06-12T11:06:52Z,9282456124,15990521853,262144,2026-06-12T14:07:04.217733+03:00
2026-06-12T11:06:53Z,9282456124,15990521853,262144,2026-06-12T14:07:04.7652464+03:00
2026-06-12T11:06:53Z,9282456124,15990521853,262144,2026-06-12T14:07:05.3142153+03:00
2026-06-12T11:06:54Z,9282456124,15990521853,262144,2026-06-12T14:07:05.8562843+03:00
2026-06-12T11:06:54Z,9282456124,15990521853,262144,2026-06-12T14:07:06.4269932+03:00
2026-06-12T11:06:55Z,9282456124,15990521853,262144,2026-06-12T14:07:06.9684956+03:00
2026-06-12T11:06:56Z,9282456124,15990521853,262144,2026-06-12T14:07:07.5069878+03:00
2026-06-12T11:06:56Z,9282456124,15990521853,262144,2026-06-12T14:07:08.0577698+03:00
2026-06-12T11:06:57Z,9282456124,15990521853,262144,2026-06-12T14:07:08.6157325+03:00
2026-06-12T11:06:57Z,9282456124,15990521853,262144,2026-06-12T14:07:09.1563791+03:00
2026-06-12T11:06:58Z,9282456124,15990521853,262144,2026-06-12T14:07:09.7065321+03:00
2026-06-12T11:06:58Z,9282456124,15990521853,262144,2026-06-12T14:07:10.2536795+03:00
2026-06-12T11:06:59Z,9282456124,15990521853,262144,2026-06-12T14:07:10.8042136+03:00
2026-06-12T11:06:59Z,9282456124,15990521853,262144,2026-06-12T14:07:11.3580967+03:00
2026-06-12T11:07:00Z,9282456124,15990521853,262144,2026-06-12T14:07:11.9025661+03:00
2026-06-12T11:07:00Z,9282456124,15990521853,262144,2026-06-12T14:07:12.4524311+03:00
2026-06-12T11:07:01Z,9282456124,15990521853,262144,2026-06-12T14:07:13.0017028+03:00
2026-06-12T11:07:02Z,9282456124,15990521853,262144,2026-06-12T14:07:13.546916+03:00
2026-06-12T11:07:02Z,9282456124,15990521853,262144,2026-06-12T14:07:14.0855197+03:00
2026-06-12T11:07:03Z,9282456124,15990521853,262144,2026-06-12T14:07:14.6411839+03:00
2026-06-12T11:07:03Z,9282456124,15990521853,262144,2026-06-12T14:07:15.1897035+03:00
2026-06-12T11:07:04Z,9282456124,15990521853,262144,2026-06-12T14:07:15.7346918+03:00
2026-06-12T11:07:04Z,9282456124,15990521853,262144,2026-06-12T14:07:16.2889112+03:00
2026-06-12T11:07:05Z,9282456124,15990521853,262144,2026-06-12T14:07:16.8384889+03:00
2026-06-12T11:07:05Z,9282456124,15990521853,262144,2026-06-12T14:07:17.3849245+03:00
2026-06-12T11:07:06Z,9282456124,15990521853,262144,2026-06-12T14:07:17.9400406+03:00
2026-06-12T11:07:06Z,9282456124,15990521853,262144,2026-06-12T14:07:18.4868272+03:00
2026-06-12T11:07:07Z,9282456124,15990521853,262144,2026-06-12T14:07:19.026593+03:00
2026-06-12T11:07:08Z,9282456124,15990521853,262144,2026-06-12T14:07:19.567835+03:00
2026-06-12T11:07:08Z,9282456124,15990521853,262144,2026-06-12T14:07:20.1206264+03:00
2026-06-12T11:07:09Z,9282456124,15990521853,262144,2026-06-12T14:07:20.6696937+03:00
2026-06-12T11:07:09Z,9282456124,15990521853,262144,2026-06-12T14:07:21.2078929+03:00
2026-06-12T11:07:10Z,9282456124,15990521853,262144,2026-06-12T14:07:21.7592398+03:00
2026-06-12T11:07:10Z,9282456124,15990521853,262144,2026-06-12T14:07:22.3088212+03:00
2026-06-12T11:07:11Z,9282456124,15990521853,262144,2026-06-12T14:07:22.8391502+03:00
2026-06-12T11:07:11Z,9282456124,15990521853,262144,2026-06-12T14:07:23.3894268+03:00
2026-06-12T11:07:12Z,9282456124,15990521853,262144,2026-06-12T14:07:23.968403+03:00
2026-06-12T11:07:13Z,9282456124,15990521853,262144,2026-06-12T14:07:24.50951+03:00
2026-06-12T11:07:13Z,9282456124,15990521853,262144,2026-06-12T14:07:25.06367+03:00
2026-06-12T11:07:14Z,9282456124,15990521853,262144,2026-06-12T14:07:25.6005938+03:00
2026-06-12T11:07:14Z,9282456124,15990521853,262144,2026-06-12T14:07:26.1465859+03:00
2026-06-12T11:07:15Z,9282456124,15990521853,262144,2026-06-12T14:07:26.6901055+03:00
2026-06-12T11:07:15Z,9282456124,15990521853,262144,2026-06-12T14:07:27.2437747+03:00
2026-06-12T11:07:16Z,9282456124,15990521853,262144,2026-06-12T14:07:27.7940568+03:00
2026-06-12T11:07:16Z,9282456124,15990521853,262144,2026-06-12T14:07:28.3511875+03:00
2026-06-12T11:07:17Z,9282456124,15990521853,262144,2026-06-12T14:07:28.8970754+03:00
2026-06-12T11:07:17Z,9282456124,15990521853,262144,2026-06-12T14:07:29.4435555+03:00
2026-06-12T11:07:18Z,9282456124,15990521853,262144,2026-06-12T14:07:29.9861406+03:00
2026-06-12T11:07:19Z,9282456124,15990521853,262144,2026-06-12T14:07:30.5308081+03:00
2026-06-12T11:07:19Z,9282456124,15990521853,262144,2026-06-12T14:07:31.0733688+03:00
2026-06-12T11:07:20Z,9282456124,15990521853,262144,2026-06-12T14:07:31.6159054+03:00
2026-06-12T11:07:20Z,9282456124,15990521853,262144,2026-06-12T14:07:32.157004+03:00
2026-06-12T11:07:21Z,9282456124,15990521853,262144,2026-06-12T14:07:32.700158+03:00
2026-06-12T11:07:21Z,9282456124,15990521853,262144,2026-06-12T14:07:33.259909+03:00
2026-06-12T11:07:22Z,9282456124,15990521853,262144,2026-06-12T14:07:33.8082451+03:00
2026-06-12T11:07:22Z,9282456124,15990521853,262144,2026-06-12T14:07:34.3488126+03:00
2026-06-12T11:07:23Z,9282456124,15990521853,262144,2026-06-12T14:07:34.9010491+03:00
2026-06-12T11:07:23Z,9282456124,15990521853,262144,2026-06-12T14:07:35.4492515+03:00
2026-06-12T11:07:24Z,9282456124,15990521853,262144,2026-06-12T14:07:35.9907403+03:00
2026-06-12T11:07:25Z,9282456124,15990521853,262144,2026-06-12T14:07:36.5375042+03:00
2026-06-12T11:07:25Z,9282456124,15990521853,262144,2026-06-12T14:07:37.0780739+03:00
2026-06-12T11:07:26Z,9282456124,15990521853,262144,2026-06-12T14:07:37.6238113+03:00
2026-06-12T11:07:26Z,9282456124,15990521853,262144,2026-06-12T14:07:38.1756979+03:00
2026-06-12T11:07:27Z,9282456124,15990521853,262144,2026-06-12T14:07:38.7262152+03:00
2026-06-12T11:07:27Z,9282456124,15990521853,262144,2026-06-12T14:07:39.280626+03:00
2026-06-12T11:07:28Z,9282456124,15990521853,262144,2026-06-12T14:07:39.8256919+03:00
2026-06-12T11:07:28Z,9282456124,15990521853,262144,2026-06-12T14:07:40.3639686+03:00
2026-06-12T11:07:29Z,9282456124,15990521853,262144,2026-06-12T14:07:40.9110606+03:00
2026-06-12T11:07:29Z,9282456124,15990521853,262144,2026-06-12T14:07:41.4610392+03:00
2026-06-12T11:07:30Z,9282456124,15990521853,262144,2026-06-12T14:07:42.0110786+03:00
2026-06-12T11:07:31Z,9282456124,15990521853,262144,2026-06-12T14:07:42.5546312+03:00
2026-06-12T11:07:31Z,9282456124,15990521853,262144,2026-06-12T14:07:43.1050173+03:00
2026-06-12T11:07:32Z,9282456124,15990521853,262144,2026-06-12T14:07:43.6525443+03:00
2026-06-12T11:07:32Z,9282456124,15990521853,262144,2026-06-12T14:07:44.2010218+03:00
2026-06-12T11:07:33Z,9282456124,15990521853,262144,2026-06-12T14:07:44.7634779+03:00
2026-06-12T11:07:33Z,9282456124,15990521853,262144,2026-06-12T14:07:45.2999256+03:00
2026-06-12T11:07:34Z,9282456124,15990521853,262144,2026-06-12T14:07:45.8390913+03:00
2026-06-12T11:07:34Z,9282456124,15990521853,262144,2026-06-12T14:07:46.3970569+03:00
2026-06-12T11:07:35Z,9282456124,15990521853,262144,2026-06-12T14:07:46.9456632+03:00
2026-06-12T11:07:35Z,9282456124,15990521853,262144,2026-06-12T14:07:47.4834469+03:00
2026-06-12T11:07:36Z,9282456124,15990521853,262144,2026-06-12T14:07:48.0288251+03:00
2026-06-12T11:07:37Z,9282456124,15990521853,262144,2026-06-12T14:07:48.5767812+03:00
2026-06-12T11:07:37Z,9282456124,15990521853,262144,2026-06-12T14:07:49.1294159+03:00
2026-06-12T11:07:38Z,9282456124,15990521853,262144,2026-06-12T14:07:49.68404+03:00
2026-06-12T11:07:38Z,9282456124,15990521853,262144,2026-06-12T14:07:50.2283497+03:00
2026-06-12T11:07:39Z,9282456124,15990521853,262144,2026-06-12T14:07:50.7851164+03:00
2026-06-12T11:07:39Z,9282456124,15990521853,262144,2026-06-12T14:07:51.3297213+03:00
2026-06-12T11:07:40Z,9282456124,15990521853,262144,2026-06-12T14:07:51.8686443+03:00
2026-06-12T11:07:40Z,9282456124,15990521853,262144,2026-06-12T14:07:52.4164651+03:00
2026-06-12T11:07:41Z,9282456124,15990521853,262144,2026-06-12T14:07:52.9550187+03:00
2026-06-12T11:07:41Z,9282456124,15990521853,262144,2026-06-12T14:07:53.4962266+03:00
2026-06-12T11:07:42Z,9282456124,15990521853,262144,2026-06-12T14:07:54.0482983+03:00
2026-06-12T11:07:43Z,9282456124,15990521853,262144,2026-06-12T14:07:54.5999094+03:00
2026-06-12T11:07:43Z,9282456124,15990521853,262144,2026-06-12T14:07:55.1498473+03:00
2026-06-12T11:07:44Z,9282456124,15990521853,262144,2026-06-12T14:07:55.7007032+03:00
2026-06-12T11:07:44Z,9282456124,15990521853,262144,2026-06-12T14:07:56.2467255+03:00
2026-06-12T11:07:45Z,9282456124,15990521853,262144,2026-06-12T14:07:56.7915748+03:00
2026-06-12T11:07:45Z,9282456124,15990521853,262144,2026-06-12T14:07:57.3394285+03:00
2026-06-12T11:07:46Z,9282456124,15990521853,262144,2026-06-12T14:07:57.885272+03:00
2026-06-12T11:07:46Z,9282456124,15990521853,262144,2026-06-12T14:07:58.4338104+03:00
2026-06-12T11:07:47Z,9282456124,15990521853,262144,2026-06-12T14:07:58.9836706+03:00
2026-06-12T11:07:48Z,9282456124,15990521853,262144,2026-06-12T14:07:59.5350927+03:00
2026-06-12T11:08:00Z,13363262258,15587879155,65536,2026-06-12T14:08:12.1231003+03:00
2026-06-12T11:08:01Z,13363262258,15587879155,65536,2026-06-12T14:08:12.6828986+03:00
2026-06-12T11:08:01Z,13363262258,15587879155,65536,2026-06-12T14:08:13.234634+03:00
2026-06-12T11:08:02Z,13363262258,15587879155,65536,2026-06-12T14:08:13.7916105+03:00
2026-06-12T11:08:02Z,13363262258,15587879155,65536,2026-06-12T14:08:14.3509537+03:00
2026-06-12T11:08:03Z,13363262258,15587879155,65536,2026-06-12T14:08:14.9045829+03:00
2026-06-12T11:08:03Z,13363262258,15587879155,65536,2026-06-12T14:08:15.4494181+03:00
2026-06-12T11:08:04Z,13363262258,15587879155,65536,2026-06-12T14:08:15.9914652+03:00
2026-06-12T11:08:05Z,13363262258,15587879155,65536,2026-06-12T14:08:16.5362842+03:00
2026-06-12T11:08:05Z,13363262258,15587879155,65536,2026-06-12T14:08:17.0893655+03:00
2026-06-12T11:08:06Z,13363262258,15587879155,65536,2026-06-12T14:08:17.6317623+03:00
2026-06-12T11:08:06Z,13363262258,15587879155,65536,2026-06-12T14:08:18.1785017+03:00
2026-06-12T11:08:07Z,13363262258,15587879155,65536,2026-06-12T14:08:18.7315848+03:00
2026-06-12T11:08:07Z,13363262258,15587879155,65536,2026-06-12T14:08:19.2842891+03:00
2026-06-12T11:08:08Z,13363262258,15587879155,65536,2026-06-12T14:08:19.8421386+03:00
2026-06-12T11:08:08Z,13363262258,15587879155,65536,2026-06-12T14:08:20.3837507+03:00
2026-06-12T11:08:09Z,13363262258,15587879155,65536,2026-06-12T14:08:20.9358498+03:00
2026-06-12T11:08:09Z,13363262258,15587879155,65536,2026-06-12T14:08:21.4772966+03:00
2026-06-12T11:08:10Z,13363262258,15587879155,65536,2026-06-12T14:08:22.0303278+03:00
2026-06-12T11:08:11Z,13363262258,15587879155,65536,2026-06-12T14:08:22.5816011+03:00
2026-06-12T11:08:11Z,13363262258,15587879155,65536,2026-06-12T14:08:23.133689+03:00
2026-06-12T11:08:12Z,13363262258,15587879155,65536,2026-06-12T14:08:23.6838116+03:00
2026-06-12T11:08:12Z,13363262258,15587879155,65536,2026-06-12T14:08:24.236778+03:00
2026-06-12T11:08:25Z,9282456124,15990521853,262144,2026-06-12T14:08:37.4291736+03:00
2026-06-12T11:08:26Z,9282456124,15990521853,262144,2026-06-12T14:08:37.9827543+03:00
2026-06-12T11:08:27Z,9282456124,15990521853,262144,2026-06-12T14:08:38.5293901+03:00
2026-06-12T11:08:27Z,9282456124,15990521853,262144,2026-06-12T14:08:39.0788683+03:00
2026-06-12T11:08:28Z,9282456124,15990521853,262144,2026-06-12T14:08:39.6308714+03:00
2026-06-12T11:08:28Z,9282456124,15990521853,262144,2026-06-12T14:08:40.178349+03:00
2026-06-12T11:08:29Z,9282456124,15990521853,262144,2026-06-12T14:08:40.7295909+03:00
2026-06-12T11:08:29Z,9282456124,15990521853,262144,2026-06-12T14:08:41.2899332+03:00
2026-06-12T11:08:30Z,9282456124,15990521853,262144,2026-06-12T14:08:41.8334832+03:00
2026-06-12T11:08:30Z,9282456124,15990521853,262144,2026-06-12T14:08:42.3894119+03:00
2026-06-12T11:08:31Z,9282456124,15990521853,262144,2026-06-12T14:08:42.942724+03:00
2026-06-12T11:08:31Z,9282456124,15990521853,262144,2026-06-12T14:08:43.4886613+03:00
2026-06-12T11:08:32Z,9282456124,15990521853,262144,2026-06-12T14:08:44.0321176+03:00
2026-06-12T11:08:33Z,9282456124,15990521853,262144,2026-06-12T14:08:44.5848203+03:00
2026-06-12T11:08:33Z,9282456124,15990521853,262144,2026-06-12T14:08:45.1348779+03:00
2026-06-12T11:08:34Z,9282456124,15990521853,262144,2026-06-12T14:08:45.6826464+03:00
2026-06-12T11:08:34Z,9282456124,15990521853,262144,2026-06-12T14:08:46.22494+03:00
2026-06-12T11:08:35Z,9282456124,15990521853,262144,2026-06-12T14:08:46.7746657+03:00
2026-06-12T11:08:35Z,9282456124,15990521853,262144,2026-06-12T14:08:47.3381711+03:00
2026-06-12T11:08:36Z,9282456124,15990521853,262144,2026-06-12T14:08:47.8812566+03:00
2026-06-12T11:08:36Z,9282456124,15990521853,262144,2026-06-12T14:08:48.4361838+03:00
2026-06-12T11:08:37Z,9282456124,15990521853,262144,2026-06-12T14:08:48.9899528+03:00
2026-06-12T11:08:38Z,9282456124,15990521853,262144,2026-06-12T14:08:49.5409328+03:00
2026-06-12T11:08:38Z,9282456124,15990521853,262144,2026-06-12T14:08:50.0919085+03:00
2026-06-12T11:08:39Z,9282456124,15990521853,262144,2026-06-12T14:08:50.6319279+03:00
2026-06-12T11:08:39Z,9282456124,15990521853,262144,2026-06-12T14:08:51.173066+03:00
2026-06-12T11:08:40Z,9282456124,15990521853,262144,2026-06-12T14:08:51.729711+03:00
2026-06-12T11:08:40Z,9282456124,15990521853,262144,2026-06-12T14:08:52.2827728+03:00
2026-06-12T11:08:41Z,9282456124,15990521853,262144,2026-06-12T14:08:52.8354668+03:00
2026-06-12T11:08:41Z,9282456124,15990521853,262144,2026-06-12T14:08:53.3805703+03:00
2026-06-12T11:08:42Z,9282456124,15990521853,262144,2026-06-12T14:08:53.9326376+03:00
2026-06-12T11:08:42Z,9282456124,15990521853,262144,2026-06-12T14:08:54.4856685+03:00
2026-06-12T11:08:43Z,9282456124,15990521853,262144,2026-06-12T14:08:55.0414663+03:00
2026-06-12T11:08:44Z,9282456124,15990521853,262144,2026-06-12T14:08:55.5750009+03:00
2026-06-12T11:08:44Z,9282456124,15990521853,262144,2026-06-12T14:08:56.1184679+03:00
2026-06-12T11:08:45Z,9282456124,15990521853,262144,2026-06-12T14:08:56.6694521+03:00
2026-06-12T11:08:45Z,9282456124,15990521853,262144,2026-06-12T14:08:57.2119122+03:00
2026-06-12T11:08:46Z,9282456124,15990521853,262144,2026-06-12T14:08:57.7607169+03:00
2026-06-12T11:08:46Z,9282456124,15990521853,262144,2026-06-12T14:08:58.3081083+03:00
2026-06-12T11:08:47Z,9282456124,15990521853,262144,2026-06-12T14:08:58.8544961+03:00
2026-06-12T11:08:47Z,9282456124,15990521853,262144,2026-06-12T14:08:59.3947322+03:00
2026-06-12T11:08:48Z,9282456124,15990521853,262144,2026-06-12T14:08:59.937375+03:00
2026-06-12T11:08:48Z,9282456124,15990521853,262144,2026-06-12T14:09:00.4823457+03:00
2026-06-12T11:08:49Z,9282456124,15990521853,262144,2026-06-12T14:09:01.0240063+03:00
2026-06-12T11:08:50Z,9282456124,15990521853,262144,2026-06-12T14:09:01.5680465+03:00
2026-06-12T11:08:50Z,9282456124,15990521853,262144,2026-06-12T14:09:02.1107736+03:00
2026-06-12T11:08:51Z,9282456124,15990521853,262144,2026-06-12T14:09:02.6379785+03:00
2026-06-12T11:08:51Z,9282456124,15990521853,262144,2026-06-12T14:09:03.1826896+03:00
2026-06-12T11:08:52Z,9282456124,15990521853,262144,2026-06-12T14:09:03.7295466+03:00
2026-06-12T11:08:52Z,9282456124,15990521853,262144,2026-06-12T14:09:04.2781033+03:00
2026-06-12T11:08:53Z,9282456124,15990521853,262144,2026-06-12T14:09:04.826499+03:00
2026-06-12T11:08:53Z,9282456124,15990521853,262144,2026-06-12T14:09:05.3778218+03:00
2026-06-12T11:08:54Z,9282456124,15990521853,262144,2026-06-12T14:09:05.9249207+03:00
2026-06-12T11:08:54Z,9282456124,15990521853,262144,2026-06-12T14:09:06.4685554+03:00
2026-06-12T11:08:55Z,9282456124,15990521853,262144,2026-06-12T14:09:07.018473+03:00
2026-06-12T11:08:56Z,9282456124,15990521853,262144,2026-06-12T14:09:07.5670875+03:00
2026-06-12T11:08:56Z,9282456124,15990521853,262144,2026-06-12T14:09:08.1178481+03:00
2026-06-12T11:08:57Z,9282456124,15990521853,262144,2026-06-12T14:09:08.6717472+03:00
2026-06-12T11:08:57Z,9282456124,15990521853,262144,2026-06-12T14:09:09.2249239+03:00
2026-06-12T11:08:58Z,9282456124,15990521853,262144,2026-06-12T14:09:09.8286463+03:00
2026-06-12T11:08:58Z,9282456124,15990521853,262144,2026-06-12T14:09:10.3955719+03:00
2026-06-12T11:08:59Z,9282456124,15990521853,262144,2026-06-12T14:09:10.9519696+03:00
2026-06-12T11:09:00Z,9282456124,15990521853,262144,2026-06-12T14:09:11.5106488+03:00
2026-06-12T11:09:00Z,9282456124,15990521853,262144,2026-06-12T14:09:12.0650528+03:00
2026-06-12T11:09:01Z,9282456124,15990521853,262144,2026-06-12T14:09:12.6087385+03:00
2026-06-12T11:09:01Z,9282456124,15990521853,262144,2026-06-12T14:09:13.1518749+03:00
2026-06-12T11:09:02Z,9282456124,15990521853,262144,2026-06-12T14:09:13.7012399+03:00
2026-06-12T11:09:02Z,9282456124,15990521853,262144,2026-06-12T14:09:14.2561149+03:00
2026-06-12T11:09:03Z,9282456124,15990521853,262144,2026-06-12T14:09:14.8065645+03:00
2026-06-12T11:09:03Z,9282456124,15990521853,262144,2026-06-12T14:09:15.3574581+03:00
2026-06-12T11:09:04Z,9282456124,15990521853,262144,2026-06-12T14:09:15.901129+03:00
2026-06-12T11:09:04Z,9282456124,15990521853,262144,2026-06-12T14:09:16.4499252+03:00
2026-06-12T11:09:05Z,9282456124,15990521853,262144,2026-06-12T14:09:16.9975341+03:00
2026-06-12T11:09:06Z,9282456124,15990521853,262144,2026-06-12T14:09:17.5493258+03:00
2026-06-12T11:09:06Z,9282456124,15990521853,262144,2026-06-12T14:09:18.0993994+03:00
2026-06-12T11:09:07Z,9282456124,15990521853,262144,2026-06-12T14:09:18.6486528+03:00
2026-06-12T11:09:07Z,9282456124,15990521853,262144,2026-06-12T14:09:19.1916797+03:00
2026-06-12T11:09:08Z,9282456124,15990521853,262144,2026-06-12T14:09:19.7348824+03:00
2026-06-12T11:09:08Z,9282456124,15990521853,262144,2026-06-12T14:09:20.2826873+03:00
2026-06-12T11:09:09Z,9282456124,15990521853,262144,2026-06-12T14:09:20.8288402+03:00
2026-06-12T11:09:09Z,9282456124,15990521853,262144,2026-06-12T14:09:21.3729894+03:00
2026-06-12T11:09:10Z,9282456124,15990521853,262144,2026-06-12T14:09:21.9130488+03:00
2026-06-12T11:09:10Z,9282456124,15990521853,262144,2026-06-12T14:09:22.4695399+03:00
2026-06-12T11:09:11Z,9282456124,15990521853,262144,2026-06-12T14:09:23.0155408+03:00
2026-06-12T11:09:12Z,9282456124,15990521853,262144,2026-06-12T14:09:23.5620399+03:00
2026-06-12T11:09:12Z,9282456124,15990521853,262144,2026-06-12T14:09:24.1078956+03:00
2026-06-12T11:09:13Z,9282456124,15990521853,262144,2026-06-12T14:09:24.6558594+03:00
2026-06-12T11:09:13Z,9282456124,15990521853,262144,2026-06-12T14:09:25.2194607+03:00
2026-06-12T11:09:14Z,9282456124,15990521853,262144,2026-06-12T14:09:25.7817427+03:00
2026-06-12T11:09:14Z,9282456124,15990521853,262144,2026-06-12T14:09:26.3249933+03:00
2026-06-12T11:09:15Z,9282456124,15990521853,262144,2026-06-12T14:09:26.8717667+03:00
2026-06-12T11:09:15Z,9282456124,15990521853,262144,2026-06-12T14:09:27.420911+03:00
2026-06-12T11:09:16Z,9282456124,15990521853,262144,2026-06-12T14:09:27.9766251+03:00
2026-06-12T11:09:17Z,9282456124,15990521853,262144,2026-06-12T14:09:28.5323549+03:00
2026-06-12T11:09:17Z,9282456124,15990521853,262144,2026-06-12T14:09:29.0869246+03:00
2026-06-12T11:09:18Z,9282456124,15990521853,262144,2026-06-12T14:09:29.6278588+03:00
2026-06-12T11:09:18Z,9282456124,15990521853,262144,2026-06-12T14:09:30.1825434+03:00
2026-06-12T11:09:19Z,9282456124,15990521853,262144,2026-06-12T14:09:30.7291858+03:00
2026-06-12T11:09:19Z,9282456124,15990521853,262144,2026-06-12T14:09:31.2690877+03:00
2026-06-12T11:09:20Z,9282456124,15990521853,262144,2026-06-12T14:09:31.8077314+03:00
2026-06-12T11:09:20Z,9282456124,15990521853,262144,2026-06-12T14:09:32.3606878+03:00
2026-06-12T11:09:21Z,9282456124,15990521853,262144,2026-06-12T14:09:32.9141486+03:00
2026-06-12T11:09:21Z,9282456124,15990521853,262144,2026-06-12T14:09:33.4834376+03:00
2026-06-12T11:09:22Z,9282456124,15990521853,262144,2026-06-12T14:09:34.049536+03:00
2026-06-12T11:09:23Z,9282456124,15990521853,262144,2026-06-12T14:09:34.5932063+03:00
2026-06-12T11:09:23Z,9282456124,15990521853,262144,2026-06-12T14:09:35.1470893+03:00
2026-06-12T11:09:24Z,9282456124,15990521853,262144,2026-06-12T14:09:35.6882686+03:00
2026-06-12T11:09:24Z,9282456124,15990521853,262144,2026-06-12T14:09:36.2328937+03:00
2026-06-12T11:09:25Z,9282456124,15990521853,262144,2026-06-12T14:09:36.7714619+03:00
2026-06-12T11:09:25Z,9282456124,15990521853,262144,2026-06-12T14:09:37.3197106+03:00
2026-06-12T11:09:26Z,9282456124,15990521853,262144,2026-06-12T14:09:37.8715667+03:00
2026-06-12T11:09:26Z,9282456124,15990521853,262144,2026-06-12T14:09:38.4259006+03:00
2026-06-12T11:09:27Z,9282456124,15990521853,262144,2026-06-12T14:09:38.9765071+03:00
2026-06-12T11:09:28Z,9282456124,15990521853,262144,2026-06-12T14:09:39.5264178+03:00
2026-06-12T11:09:28Z,9282456124,15990521853,262144,2026-06-12T14:09:40.0720951+03:00
2026-06-12T11:09:29Z,9282456124,15990521853,262144,2026-06-12T14:09:40.6345115+03:00
2026-06-12T11:09:29Z,9282456124,15990521853,262144,2026-06-12T14:09:41.1976597+03:00
2026-06-12T11:09:30Z,9282456124,15990521853,262144,2026-06-12T14:09:41.7468681+03:00
2026-06-12T11:09:30Z,9282456124,15990521853,262144,2026-06-12T14:09:42.3064294+03:00
2026-06-12T11:09:31Z,9282456124,15990521853,262144,2026-06-12T14:09:42.8511361+03:00
2026-06-12T11:09:31Z,9282456124,15990521853,262144,2026-06-12T14:09:43.3997394+03:00
2026-06-12T11:09:32Z,9282456124,15990521853,262144,2026-06-12T14:09:43.9533058+03:00
2026-06-12T11:09:32Z,9282456124,15990521853,262144,2026-06-12T14:09:44.5074609+03:00
2026-06-12T11:09:33Z,9282456124,15990521853,262144,2026-06-12T14:09:45.0691056+03:00
2026-06-12T11:09:34Z,9282456124,15990521853,262144,2026-06-12T14:09:45.6177421+03:00
2026-06-12T11:09:34Z,9282456124,15990521853,262144,2026-06-12T14:09:46.1716756+03:00
2026-06-12T11:09:35Z,9282456124,15990521853,262144,2026-06-12T14:09:46.725245+03:00
2026-06-12T11:09:35Z,9282456124,15990521853,262144,2026-06-12T14:09:47.2708705+03:00
2026-06-12T11:09:36Z,9282456124,15990521853,262144,2026-06-12T14:09:47.8217814+03:00
2026-06-12T11:09:36Z,9282456124,15990521853,262144,2026-06-12T14:09:48.3719194+03:00
2026-06-12T11:09:37Z,9282456124,15990521853,262144,2026-06-12T14:09:48.9172658+03:00
2026-06-12T11:09:37Z,9282456124,15990521853,262144,2026-06-12T14:09:49.4591922+03:00
2026-06-12T11:09:38Z,9282456124,15990521853,262144,2026-06-12T14:09:50.0168843+03:00
2026-06-12T11:09:39Z,9282456124,15990521853,262144,2026-06-12T14:09:50.5679994+03:00
2026-06-12T11:09:39Z,9282456124,15990521853,262144,2026-06-12T14:09:51.118424+03:00
2026-06-12T11:09:40Z,9282456124,15990521853,262144,2026-06-12T14:09:51.6646891+03:00
2026-06-12T11:09:40Z,9282456124,15990521853,262144,2026-06-12T14:09:52.2128911+03:00
2026-06-12T11:09:41Z,9282456124,15990521853,262144,2026-06-12T14:09:52.7730535+03:00
2026-06-12T11:09:41Z,9282456124,15990521853,262144,2026-06-12T14:09:53.3140387+03:00
2026-06-12T11:09:42Z,9282456124,15990521853,262144,2026-06-12T14:09:53.8632876+03:00
2026-06-12T11:09:42Z,9282456124,15990521853,262144,2026-06-12T14:09:54.4115879+03:00
2026-06-12T11:09:43Z,9282456124,15990521853,262144,2026-06-12T14:09:54.9622783+03:00
2026-06-12T11:09:44Z,9282456124,15990521853,262144,2026-06-12T14:09:55.5086051+03:00
2026-06-12T11:09:44Z,9282456124,15990521853,262144,2026-06-12T14:09:56.0566797+03:00
2026-06-12T11:09:45Z,9282456124,15990521853,262144,2026-06-12T14:09:56.6052396+03:00
2026-06-12T11:09:45Z,9282456124,15990521853,262144,2026-06-12T14:09:57.1516033+03:00
2026-06-12T11:09:46Z,9282456124,15990521853,262144,2026-06-12T14:09:57.7034036+03:00
2026-06-12T11:09:46Z,9282456124,15990521853,262144,2026-06-12T14:09:58.2552729+03:00
2026-06-12T11:09:47Z,9282456124,15990521853,262144,2026-06-12T14:09:58.790957+03:00
2026-06-12T11:09:47Z,9282456124,15990521853,262144,2026-06-12T14:09:59.3495468+03:00
2026-06-12T11:09:48Z,9282456124,15990521853,262144,2026-06-12T14:09:59.9021247+03:00
2026-06-12T11:09:48Z,9282456124,15990521853,262144,2026-06-12T14:10:00.4559508+03:00
2026-06-12T11:09:49Z,9282456124,15990521853,262144,2026-06-12T14:10:01.0049634+03:00
2026-06-12T11:09:50Z,9282456124,15990521853,262144,2026-06-12T14:10:01.548544+03:00
2026-06-12T11:09:50Z,9282456124,15990521853,262144,2026-06-12T14:10:02.0894311+03:00
2026-06-12T11:09:51Z,9282456124,15990521853,262144,2026-06-12T14:10:02.6392005+03:00
2026-06-12T11:09:51Z,9282456124,15990521853,262144,2026-06-12T14:10:03.1862856+03:00
2026-06-12T11:09:52Z,9282456124,15990521853,262144,2026-06-12T14:10:03.7409734+03:00
2026-06-12T11:09:52Z,9282456124,15990521853,262144,2026-06-12T14:10:04.289628+03:00
2026-06-12T11:09:53Z,9282456124,15990521853,262144,2026-06-12T14:10:04.8452366+03:00
2026-06-12T11:09:53Z,9282456124,15990521853,262144,2026-06-12T14:10:05.3980866+03:00
2026-06-12T11:09:54Z,9282456124,15990521853,262144,2026-06-12T14:10:05.9477311+03:00
2026-06-12T11:09:54Z,9282456124,15990521853,262144,2026-06-12T14:10:06.4923674+03:00
2026-06-12T11:09:55Z,9282456124,15990521853,262144,2026-06-12T14:10:07.041859+03:00
2026-06-12T11:09:56Z,9282456124,15990521853,262144,2026-06-12T14:10:07.590294+03:00
2026-06-12T11:09:56Z,9282456124,15990521853,262144,2026-06-12T14:10:08.1416574+03:00
2026-06-12T11:09:57Z,9282456124,15990521853,262144,2026-06-12T14:10:08.6953842+03:00
2026-06-12T11:09:57Z,9282456124,15990521853,262144,2026-06-12T14:10:09.2550158+03:00
2026-06-12T11:09:58Z,9282456124,15990521853,262144,2026-06-12T14:10:09.7992951+03:00
2026-06-12T11:09:58Z,9282456124,15990521853,262144,2026-06-12T14:10:10.3541743+03:00
2026-06-12T11:09:59Z,9282456124,15990521853,262144,2026-06-12T14:10:10.9042584+03:00
2026-06-12T11:09:59Z,9282456124,15990521853,262144,2026-06-12T14:10:11.4535478+03:00
2026-06-12T11:10:00Z,9282456124,15990521853,262144,2026-06-12T14:10:12.0003688+03:00
2026-06-12T11:10:01Z,9282456124,15990521853,262144,2026-06-12T14:10:12.543118+03:00
2026-06-12T11:10:01Z,9282456124,15990521853,262144,2026-06-12T14:10:13.0831351+03:00
2026-06-12T11:10:02Z,9282456124,15990521853,262144,2026-06-12T14:10:13.6310004+03:00
2026-06-12T11:10:02Z,9282456124,15990521853,262144,2026-06-12T14:10:14.1835751+03:00
2026-06-12T11:10:03Z,9282456124,15990521853,262144,2026-06-12T14:10:14.7356059+03:00
2026-06-12T11:10:03Z,9282456124,15990521853,262144,2026-06-12T14:10:15.2892538+03:00
2026-06-12T11:10:04Z,9282456124,15990521853,262144,2026-06-12T14:10:15.8374671+03:00
2026-06-12T11:10:04Z,9282456124,15990521853,262144,2026-06-12T14:10:16.381092+03:00
2026-06-12T11:10:05Z,9282456124,15990521853,262144,2026-06-12T14:10:16.9188074+03:00
2026-06-12T11:10:05Z,9282456124,15990521853,262144,2026-06-12T14:10:17.459132+03:00
2026-06-12T11:10:06Z,9282456124,15990521853,262144,2026-06-12T14:10:18.0138977+03:00
2026-06-12T11:10:07Z,9282456124,15990521853,262144,2026-06-12T14:10:18.5670363+03:00
